{
    "$schema": "../rp2040deviceconfig.schema.json",
    "devName": "MSR RP2040 Brain 124 v0.1",
    "$description": "Prototype board",
    "productId": "0x3875e80d",
    "sPin": {
        "#": "enable high power limiter mode",
        "@HILIM": 0
    },
    "jacdac": {
        "$connector": "Jacdac",
        "pin": 9
    },
    "led": {
        "rgb": [
            {
                "pin": 16,
                "mult": 250
            },
            {
                "pin": 14,
                "mult": 60
            },
            {
                "pin": 15,
                "mult": 150
            }
        ]
    },
    "pins": {
        "P1": 1,
        "P2": 2,
        "P3": 3,
        "P4": 4,
        "P5": 5,
        "P6": 6,
        "P7": 7,
        "P10": 10,
        "P24": 24,
        "P25": 25,
        "P26": 26,
        "P27": 27,
        "P28": 28,
        "P29": 29,
        "@HILIM": 18
    },
    "log": {
        "pinTX": 0,
        "baud": 115200
    },
    "services": [
        {
            "service": "power",
            "name": "power",
            "pinEn": 22,
            "pinFault": 12,
            "pinPulse": 8,
            "mode": 3,
            "faultIgnoreMs": 1000,
            "pinLedPulse": 13,
            "pinUsbDetect": 11
        }
    ]
}