{
    "$schema": "../rp2040deviceconfig.schema.json",
    "devName": "MSR Brain RP2040 59 v0.1",
    "$description": "Prototype board",
    "productId": "0x35a678a3",
    "jacdac": {
        "$connector": "Jacdac",
        "pin": 9
    },
    "led": {
        "rgb": [
            {
                "pin": 11,
                "mult": 250
            },
            {
                "pin": 13,
                "mult": 60
            },
            {
                "pin": 15,
                "mult": 150
            }
        ]
    },
    "pins": {
        "P3": 3,
        "P4": 4,
        "P5": 5,
        "P6": 6,
        "P26": 26,
        "P27": 27
    },
    "log": {
        "pinTX": 2,
        "baud": 115200
    },
    "services": [
        {
            "service": "power",
            "name": "power",
            "pinEn": 19,
            "pinFault": 25,
            "mode": 2,
            "faultIgnoreMs": 100
        }
    ]
}